ID,阶段,任务,主要涉及文件,优先级,工作量,依赖,验收标准
P0-1,P0阻断级,"修 web_api.py 6 个未定义裸名：补 import time + 5 处加 _auto_update_mod. 前缀","DrcomAutoLogin-Windows/web_api.py",红-阻断,30min,—,"_verify_names.py web_api.py 返回 0 个未定义名"
P0-2,P0阻断级,"升级 SHA256 校验改 fail-closed（digest 缺失即拒绝安装）","DrcomAutoLogin-Windows/auto_update.py",红-阻断,5min,—,"源码含 if not digest: 与 拒绝安装"
P0-3,P0阻断级,"password.txt 读取跳过 # 注释行；模板内容清空","联网_service.py、packaging/password.txt.template",红-阻断,10min,—,"模板注释不再被当密码"
P0-4,P0阻断级,"轮换 Android 签名密钥；删 keystore-credentials.txt；新建该目录 .gitignore 与 README","campus-network-service/android-signing/",红-阻断,1h,P0-5,"口令文件不存在；新 p12 已生成"
P0-5,P0阻断级,"新建 campus-network-service/.gitignore（忽略 android-signing/、*.p12、**/build.log）",仓库根,红-阻断,5min,—,"git check-ignore 命中"
P0-6,P0阻断级,"PortalLoginActivity 收口：main 回 exported=false + 新建 debug 变体保留 true + 凭据不走 Intent + 注入前校验 host","AndroidManifest.xml、新建 app/src/debug/AndroidManifest.xml、PortalLoginActivity.kt",红-阻断,45min,—,"main 为 false；debug 变体存在；onCreate 不读 EXTRA_PASSWORD"
P0-7,P0阻断级,"AppExit 三处策略统一；修「重启服务」链路","packaging/setup.iss、install.bat、auto_update.py",红-阻断,1h,P0-1,"三处一致；_post_upgrade_startup 不再覆盖"
P1-1,P1Windows安全,"Web UI 加 token 鉴权 + Host/Origin 校验 + 写接口强制自定义头","联网_service.py、web_api.py、内嵌 JS、install.bat",红-阻断,4h,P0-1,"无 token 401；Host: evil.com 400；无自定义头 POST 403"
P1-2,P1Windows安全,"升级信任链：digest 只信 api.github.com 主源，镜像仅用于下载","DrcomAutoLogin-Windows/auto_update.py",红-阻断,3h,—,"_check_github_latest 无镜像 fallback"
P1-3,P1Windows安全,"静默升级默认关闭 + 远端版本串白名单（防路径穿越）","auto_update.py、config.json.template",红-阻断,1h,P1-2,"默认 auto_update_enabled: false"
P1-4,P1Windows安全,"/api/config/export 不再打包明文 password.txt","DrcomAutoLogin-Windows/web_api.py",红-阻断,15min,—,"zip 内无 password.txt"
P1-5,P1Windows安全,"发布策略改版本化非 prerelease release，修复自动升级可用性","build-installer.yml、auto_update.py",橙-高,3h,P1-3,"/releases/latest 能返回版本；_parse_version 可解析"
P1-6,P1Windows安全,"配置导入：加解压后大小上限 + 补 ValueError/TypeError 捕获","DrcomAutoLogin-Windows/web_api.py",黄-中,1h,—,"zip 炸弹被拒；非法 schema 返 400 非 500"
P1-7,P1Windows安全,"空 account 不再阻塞 /api/update/toggle 等配置保存","DrcomAutoLogin-Windows/联网_service.py",黄-中,1h,—,"新装机可切换升级开关"
P2-1,P2Android收口,"密码改 EncryptedSharedPreferences + 旧数据迁移","Prefs.kt、app/build.gradle.kts",橙-高,1h,—,"shared_prefs/*.xml 中密码为密文"
P2-2,P2Android收口,"networkSecurityConfig 收敛明文流量（仅放行校园网段）","新建 res/xml/network_security_config.xml、AndroidManifest.xml",橙-高,1h,P2-2b,"无 usesCleartextTraffic=true"
P2-2b,P2Android收口,"把 LoginEngine 的 12 个公网 HTTP 探测地址改 HTTPS","LoginEngine.kt",橙-高,1h,—,"探测仍返回预期状态"
P2-3,P2Android收口,"WebView 加固：关文件/内容访问、混合内容、跳转域白名单","PortalLoginActivity.kt",橙-高,1h,—,"真机 WebView 登录仍成功（F1 回归）"
P2-4,P2Android收口,"日志脱敏（账号/IP/MAC）+ Log.v/d 构建门禁","LogStore.kt、PortalLoginActivity.kt、LoginWorker.kt、proguard-rules.pro",橙-高,1h,—,"logcat 只出现脱敏串；release 无 D/"
P2-5,P2Android收口,"健壮性修复 6 项：startForeground 失败 stopSelf；Worker retry；周期任务 KEEP；通知权限回调；enc() 失败中止；后台线程竞态","KeepAliveService.kt、LoginWorker.kt、Scheduler.kt、MainActivity.kt、LoginEngine.kt、PortalLoginActivity.kt",橙-高,2h,—,"逐项代码核对"
P2-6,P2Android收口,"CI workflow 从 android/.github/ 挪到仓库根 + 移除 secret 内联 + 版本动态读","android/.github/workflows/build-apk.yml",橙-高,30min,—,"根目录存在该文件；Actions 页面可见"
P2-7,P2Android收口,"悬浮窗 + 透明 Activity 的 tapjacking 面收敛","AndroidManifest.xml、LoginWorker.kt",黄-中,1h,P2-3,"改通知交互或前台服务内登录"
P2-8,P2Android收口,"归档区：卸载时清 password.txt；模板注释问题同步修","_archive/v1.x-windows/packaging/setup.iss、password.txt.template",黄-中,30min,—,"卸载后无明文密码残留"
P2-9,P2Android收口,"清理 7 个历史 debug APK + 补 gradle wrapper","android/app/build/outputs/、android/gradle/wrapper/",黄-中,1h,—,"目录已清；gradlew 可用"
P3-1,P3Windows健壮性,"修 login_in_progress 死逻辑，连点登录不再排队","protocol.py、web_api.py",黄-中,1h,—,"连点 N 次只执行 1 次"
P3-2,P3Windows健壮性,"run_periodic 循环体加兜底 try/except","DrcomAutoLogin-Windows/联网_service.py",黄-中,30min,—,"异常后线程存活"
P3-3,P3Windows健壮性,"config.json/password.txt 并发写加锁","联网_service.py、web_api.py",黄-中,1h,—,"并发 POST 不丢更新"
P3-4,P3Windows健壮性,"前端修复：banner ReferenceError + logo/favicon 404","web_api.py、packaging/setup.iss",黄-中,1h,—,"banner 正常隐藏；图片可加载"
P3-5,P3Windows健壮性,"休眠唤醒/换网事件驱动 + 业务日志加轮转","DrcomAutoLogin-Windows/联网_service.py",黄-中,3h,—,"唤醒后快速重连；日志不无限增长"
P3-6,P3Windows健壮性,"加安全响应头（CSP 等）+ do_POST 的 Content-Length 上限","DrcomAutoLogin-Windows/web_api.py",黄-中,1h,P1-1,"响应头含 CSP；超大 body 被拒"
P3-7,P3Windows健壮性,"运行时单实例锁","联网_service.py main()",灰-低,30min,—,"第二实例拒绝启动"
P4-1,P4供应链,"外部输入固定 SHA256 常量并强校验：NSSM zip、内嵌 Python、ChineseSimplified.isl","install.bat、packaging/build.ps1、build-installer.yml",橙-高,3h,—,"哈希不符即中止构建"
P4-2,P4供应链,"安装器 Authenticode 签名","packaging/setup.iss",黄-中,3h,需证书,"产物已签名"
P5-1,P5工程化,"Windows：pyproject.toml + pytest 单测 + ruff + CI test job","新建 tests/、pyproject.toml、build-installer.yml",橙-高,1d,P0-1~3,P1-x,"pytest -v 全绿；ruff check . 无输出"
P5-2,P5工程化,"Android：JUnit 单测（含参数取值链表驱动测试锁死 F5）+ Lint + detekt + R8","app/build.gradle.kts、新建 app/src/test/、proguard-rules.pro",橙-高,半天,P2-x,"gradlew testDebugUnitTest 通过"
P5-3,P5工程化,"_verify_names.py 加 --fail 开关并接入 CI","_verify_names.py、build-installer.yml",橙-高,30min,P5-1,"CI 中可 fail-on-findings"
P5-4,P5工程化,"加 .pre-commit-config.yaml + .editorconfig",仓库根,黄-中,30min,P5-1,"pre-commit 可运行"
P5-5,P5工程化,"补 SECURITY.md / CONTRIBUTING.md / CODEOWNERS",两仓库根,黄-中,1h,—,"文件存在"
P6-1,P6收敛,"版本号单一来源收敛 + CI 一致性断言","version.py、install.bat、uninstall.bat、build.ps1、setup.iss、README.md、build.gradle.kts 等",橙-高,3h,P1-5,"grep 'v2\.0\.[0-9]' *.bat 返回 0"
P6-2,P6收敛,"Windows README 修 6 处文档-实现矛盾","DrcomAutoLogin-Windows/README.md",黄-中,半天,P6-1,"与代码逐条对齐"
P6-3,P6收敛,"重写 campus-network-service/README.md；新建 _archive/README.md 标记废弃；修 android/README.md","campus-network-service/README.md、_archive/README.md、android/README.md、docs/03",黄-中,半天,—,"按文档操作可跑通"
P6-4,P6收敛,"新建 docs/协议逆向说明.md + 修 a41.js 的 GBK 乱码注释","campus-network-service/docs/、a41.js",黄-中,1h,—,"说明文件存在；注释可读"
P6-5,P6收敛,"清死代码 10 处 + 合并 3 组重复实现","web_api.py、eula.py、auto_update.py、联网_service.py、protocol.py",黄-中,半天,P5-1,"ruff 无 F401"
P6-6,P6收敛,"升级备份改整目录 + 加 POST /api/rollback + 修正备份保留策略","DrcomAutoLogin-Windows/auto_update.py",黄-中,2h,P1-1,"6 个模块可回滚"
P6-7,P6收敛,"建立 docs/协议规格.md 单一事实来源 + 三端引用 + 跨语言一致性测试","新建 docs/协议规格.md、protocol.py、LoginEngine.kt、_archive/联网_service.py",黄-中,1d,P5-2,"三端注释指向规格"
P7-1,P7技术债,"os._exit(0) 绕过 atexit/finally，整理 finally 语义","web_api.py、auto_update.py",灰-低,30min,—,代码核对
P7-2,P7技术债,"登录异常消息不打 URL","DrcomAutoLogin-Windows/protocol.py",灰-低,30min,—,代码核对
P7-3,P7技术债,"批处理细节：delayed expansion 吃 !；choice 缺 /D；C:\Python314 硬编码","install.bat、uninstall.bat",灰-低,1h,—,代码核对
P7-4,P7技术债,"next_check_at 双写竞争（UI 倒计时跳变）","联网_service.py、protocol.py",灰-低,30min,—,代码核对
P7-5,P7技术债,"Android 杂项：connectionInfo 废弃；嵌套 ScrollView；死资源；缺 dataExtractionRules","LoginEngine.kt、activity_main.xml、strings.xml、AndroidManifest.xml",灰-低,1h,—,代码核对
P7-6,P7技术债,"Android targetSdk 34 升 35 + AGP/Kotlin 升级","app/build.gradle.kts",灰-低,半天,—,编译通过
P7-7,P7技术债,"归档区历史缺陷：登录 URL 硬编码 :801；IsTaskSelected 弃用；nssm.exe 无哈希说明","_archive/v1.x-windows/联网_service.py、setup.iss",灰-低,1h,—,代码核对
P7-8,P7技术债,"产物与源码混放整理（_artifacts_dl/、_archive/.../build.log 未加 ignore）","两项目",灰-低,30min,—,build.log 已 ignore
P7-9,P7技术债,"统一 Android 与 Windows 的密码输入语义","MainActivity.kt",灰-低,30min,—,改为留空不修改
